{
  "project_info": {
    "project_number": "687405612986",
    "firebase_url": "https://nilami-4f1d1.firebaseio.com",
    "project_id": "nilami-4f1d1",
    "storage_bucket": "nilami-4f1d1.appspot.com"
  },
  "client": [
    {
      "client_info": {
        "mobilesdk_app_id": "1:687405612986:android:0bd9c82ce0f4c65f",
        "android_client_info": {
          "package_name": "com.crazyheads.nilami"
        }
      },
      "oauth_client": [
        {
          "client_id": "687405612986-09bqaikpkt2qfoe90ue83ikc5f9ucek7.apps.googleusercontent.com",
          "client_type": 1,
          "android_info": {
            "package_name": "com.crazyheads.nilami",
            "certificate_hash": "e05c10566d90316dec69be3aec719e47c01cb4f2"
          }
        },
        {
          "client_id": "687405612986-0lsja11j1f5dp4envr03515a12hl2782.apps.googleusercontent.com",
          "client_type": 3
        }
      ],
      "api_key": [
        {
          "current_key": "AIzaSyBercWm55JjO-dFDcCIjtrfNHqxYwz2Zv0"
        }
      ],
      "services": {
        "analytics_service": {
          "status": 1
        },
        "appinvite_service": {
          "status": 2,
          "other_platform_oauth_client": [
            {
              "client_id": "687405612986-0lsja11j1f5dp4envr03515a12hl2782.apps.googleusercontent.com",
              "client_type": 3
            }
          ]
        },
        "ads_service": {
          "status": 2
        }
      }
    }
  ],
  "configuration_version": "1"
}